COUNTRY,ISO_A3,WHO_REGION,DATA_SOURCE,DATE_UPDATED,TOTAL_VACCINATIONS,Total_First_Vaccination,TOTAL_VACCINATIONS_PER100,Rate_First_Vaccination,PERSONS_LAST_DOSE,PERSONS_LAST_DOSE_PER100,VACCINES_USED,FIRST_VACCINE_DATE,NUMBER_VACCINES_TYPES_USED,PERSONS_BOOSTER_ADD_DOSE,PERSONS_BOOSTER_ADD_DOSE_PER100
Bhutan,BTN,SEARO,REPORTING,2022-10-30,2011426.0,699116.0,261.0,91.0,677669.0,88.0,,2021-03-27,,634641.0,82.0
Namibia,NAM,AFRO,REPORTING,2023-11-12,1005937.0,629767.0,40.0,25.0,550978.0,22.0,,2021-03-19,,298560.0,12.0
Iran (Islamic Republic of),IRN,EMRO,REPORTING,2023-11-26,1.55461757E8,6.5199831E7,185.0,78.0,5.8585264E7,70.0,,2021-02-09,,3.1352288E7,37.0
Kenya,KEN,AFRO,REPORTING,2023-04-02,2.3750431E7,1.4494372E7,44.0,27.0,1.109044E7,21.0,,2021-03-05,,2000636.0,4.0
Greenland,GRL,EURO,REPORTING,,,,,,,,,,,,
Comoros,COM,AFRO,REPORTING,2022-10-02,835021.0,438825.0,96.0,50.0,397080.0,46.0,,2021-04-10,,,
Mozambique,MOZ,AFRO,REPORTING,2023-07-02,3.4950858E7,2.2869646E7,112.0,73.0,2.1329745E7,68.0,,2021-03-08,,2323562.0,7.0
Viet Nam,VNM,WPRO,REPORTING,2023-06-30,2.66492149E8,9.0497674E7,274.0,93.0,8.5961564E7,88.0,,2021-03-08,,5.797522E7,60.0
India,IND,SEARO,REPORTING,2023-11-23,2.208365081E9,1.027419851E9,160.0,74.0,9.52128795E8,69.0,,2021-01-16,,2.28816435E8,17.0
Bulgaria,BGR,EURO,REPORTING,2023-09-24,4618931.0,2108544.0,66.0,30.0,2080324.0,30.0,,2020-12-30,,833135.0,12.0
Malaysia,MYS,WPRO,REPORTING,2023-10-26,7.2653181E7,2.8140956E7,224.0,87.0,2.7554035E7,85.0,,2021-02-24,,1.6348342E7,51.0
Venezuela (Bolivarian Republic of),VEN,AMRO,REPORTING,2023-06-02,3.7860994E7,2.2157232E7,133.0,78.0,1.428737E7,50.0,,2021-02-22,,651502.0,2.0
Bahamas,BHS,AMRO,REPORTING,2023-06-02,366359.0,174810.0,93.0,44.0,166972.0,42.0,,2021-03-14,,33717.0,9.0
Georgia,GEO,EURO,REPORTING,2023-05-28,2739270.0,1300867.0,69.0,33.0,1187212.0,30.0,,2021-03-17,,251191.0,6.0
Somalia,SOM,EMRO,REPORTING,2023-07-25,1.0555834E7,8972167.0,66.0,56.0,7666835.0,48.0,,2021-03-16,,28134.0,
Maldives,MDV,SEARO,REPORTING,2023-05-25,951764.0,399308.0,176.0,74.0,385167.0,71.0,,2021-02-01,,167289.0,31.0
Ecuador,ECU,AMRO,REPORTING,2023-03-24,3.9564195E7,1.4768682E7,224.0,84.0,1.4240587E7,81.0,,2021-01-20,,7732930.0,44.0
Kyrgyzstan,KGZ,EURO,REPORTING,2023-06-18,3167393.0,1528725.0,49.0,23.0,1337850.0,21.0,,2021-03-31,,300818.0,5.0
Tuvalu,TUV,WPRO,REPORTING,2023-02-01,26783.0,9763.0,227.0,83.0,9505.0,81.0,,2021-04-13,,5745.0,49.0
United Arab Emirates,ARE,EMRO,REPORTING,2022-07-06,2.4922054E7,9991089.0,252.0,100.0,9792266.0,99.0,,,,5138699.0,52.0
Burkina Faso,BFA,AFRO,REPORTING,2023-07-23,7893609.0,6089089.0,38.0,29.0,5232347.0,25.0,,2021-06-02,,4056.0,
Sweden,SWE,EURO,REPORTING,2023-10-01,2.3237123E7,7564745.0,225.0,73.0,7404465.0,72.0,,2020-12-23,,5542831.0,54.0
Rwanda,RWA,AFRO,REPORTING,2023-06-04,2.7322059E7,1.0884714E7,211.0,84.0,1.0399665E7,80.0,,2021-03-05,,5879013.0,45.0
Malawi,MWI,AFRO,REPORTING,2023-09-24,8503954.0,5433538.0,44.0,28.0,4288014.0,22.0,,2021-03-11,,1232829.0,6.0
Haiti,HTI,AMRO,REPORTING,2023-06-16,669130.0,521396.0,6.0,5.0,355379.0,3.0,,,,,
Luxembourg,LUX,EURO,REPORTING,2023-10-01,1337942.0,469286.0,214.0,75.0,462732.0,74.0,,2020-12-30,,368526.0,59.0
South Africa,ZAF,AFRO,REPORTING,2023-09-24,4.1798812E7,2.4210953E7,70.0,41.0,2.1038797E7,35.0,,2021-02-17,,4410601.0,7.0
Norway,NOR,EURO,REPORTING,2023-09-03,1.2335349E7,4347197.0,230.0,81.0,4062204.0,76.0,,2020-12-23,,3020434.0,56.0
Nauru,NRU,WPRO,REPORTING,2023-02-20,32157.0,13106.0,297.0,100.0,11346.0,100.0,,2021-04-09,,7705.0,71.0
Finland,FIN,EURO,REPORTING,2023-10-01,1.3265058E7,4547671.0,240.0,82.0,4365148.0,79.0,,2020-12-23,,3088731.0,56.0
North Macedonia,MKD,EURO,REPORTING,2023-05-07,1862987.0,854570.0,89.0,41.0,838181.0,40.0,,2021-02-17,,161633.0,8.0
Benin,BEN,AFRO,REPORTING,2022-12-18,4232541.0,3697190.0,35.0,30.0,2742837.0,23.0,,2021-03-29,,,
Honduras,HND,AMRO,REPORTING,2023-08-11,1.7074861E7,6596213.0,172.0,67.0,5853689.0,59.0,,2021-02-22,,4872295.0,49.0
Suriname,SUR,AMRO,REPORTING,2023-06-02,554588.0,267820.0,95.0,46.0,237879.0,41.0,,2021-02-23,,48889.0,8.0
Saint Kitts and Nevis,KNA,AMRO,REPORTING,2023-06-02,64297.0,33794.0,121.0,64.0,27000.0,51.0,,2021-02-22,,3465.0,7.0
Democratic Republic of the Congo,COD,AFRO,REPORTING,2023-06-04,1.8808671E7,1.7045721E7,21.0,19.0,1.439952E7,16.0,,2021-04-19,,,
Denmark,DNK,EURO,REPORTING,2023-10-01,1.5116672E7,5289049.0,260.0,91.0,4779951.0,82.0,,2020-12-16,,3664722.0,63.0
Pakistan,PAK,EMRO,REPORTING,2023-11-14,3.40974144E8,1.6556789E8,154.0,75.0,1.40475871E8,64.0,,2021-02-03,,5.3152375E7,24.0
Anguilla,AIA,AMRO,REPORTING,2023-10-20,24864.0,10858.0,166.0,72.0,10382.0,69.0,,2021-02-05,,3231.0,22.0
Grenada,GRD,AMRO,REPORTING,2023-06-02,90686.0,44241.0,81.0,39.0,39034.0,35.0,,2021-02-15,,7411.0,7.0
Sri Lanka,LKA,SEARO,REPORTING,2022-10-30,4.011659E7,1.7143761E7,187.0,80.0,1.4752827E7,69.0,,2021-01-29,,8220002.0,38.0
Sierra Leone,SLE,AFRO,REPORTING,2023-07-30,9155936.0,5676123.0,115.0,71.0,4961886.0,62.0,,2021-03-15,,1201709.0,15.0
Vanuatu,VUT,WPRO,REPORTING,2023-02-20,355430.0,176624.0,116.0,58.0,162250.0,53.0,,2021-06-02,,16556.0,5.0
Liberia,LBR,AFRO,REPORTING,2022-12-11,4460668.0,3903802.0,88.0,77.0,3730967.0,74.0,,2021-04-01,,1987.0,
Antigua and Barbuda,ATG,AMRO,REPORTING,2023-06-02,136512.0,64290.0,139.0,66.0,62384.0,64.0,,2021-03-01,,9838.0,10.0
Australia,AUS,WPRO,REPORTING,2023-10-05,6.8770769E7,2.2443557E7,270.0,88.0,2.176624E7,85.0,,2021-02-21,,1.4405773E7,56.0
Singapore,SGP,WPRO,REPORTING,2023-08-29,1.530253E7,5287005.0,262.0,90.0,5248693.0,90.0,,2020-12-30,,4769158.0,82.0
Botswana,BWA,AFRO,REPORTING,2023-05-07,3171667.0,1951054.0,135.0,83.0,1663490.0,71.0,,2021-03-26,,507654.0,22.0
Portugal,PRT,EURO,REPORTING,2023-10-01,2.7879893E7,9822021.0,271.0,95.0,8910340.0,87.0,,2020-12-23,,7086988.0,69.0
Myanmar,MMR,SEARO,REPORTING,2023-08-21,9.3477104E7,4.1551927E7,172.0,76.0,3.5937796E7,66.0,,2021-01-27,,1.5987381E7,29.0
Senegal,SEN,AFRO,REPORTING,2023-11-12,3179647.0,2684696.0,19.0,16.0,1546628.0,9.0,,2021-02-23,,815965.0,5.0
Dominica,DMA,AMRO,REPORTING,2023-06-02,67647.0,32995.0,94.0,46.0,30659.0,43.0,,2021-02-12,,3993.0,6.0
New Caledonia,NCL,WPRO,REPORTING,2023-04-03,480497.0,192371.0,168.0,67.0,184801.0,65.0,,2021-01-20,,103325.0,36.0
Nicaragua,NIC,AMRO,REPORTING,2023-08-11,1.5507763E7,6404524.0,234.0,97.0,6126708.0,92.0,,2021-03-03,,2892531.0,44.0
Indonesia,IDN,SEARO,REPORTING,2023-11-23,4.4819986E8,2.04419394E8,164.0,75.0,1.74965137E8,64.0,,2021-01-13,,6.935625E7,25.0
French Polynesia,PYF,WPRO,REPORTING,2023-07-17,493692.0,195688.0,176.0,70.0,195688.0,70.0,,2021-01-18,,102317.0,36.0
Iceland,ISL,EURO,REPORTING,2023-04-16,869976.0,307269.0,239.0,84.0,297921.0,82.0,,2020-12-30,,254556.0,70.0
Jamaica,JAM,AMRO,REPORTING,2023-10-06,1528445.0,722248.0,52.0,24.0,760132.0,26.0,,2021-03-10,,46065.0,2.0
Turkmenistan,TKM,EURO,REPORTING,2023-08-06,1.677597E7,4614869.0,278.0,77.0,4568901.0,76.0,,2021-02-24,,3816400.0,63.0
Tokelau,TKL,WPRO,REPORTING,2022-12-05,6342.0,2203.0,470.0,100.0,2203.0,100.0,,2021-07-20,,968.0,72.0
San Marino,SMR,EURO,REPORTING,2022-05-22,69338.0,26357.0,204.0,78.0,23633.0,70.0,,2021-02-24,,19348.0,57.0
Kiribati,KIR,WPRO,REPORTING,2023-02-06,219980.0,100900.0,184.0,84.0,81474.0,68.0,,2021-05-26,,37606.0,31.0
Poland,POL,EURO,REPORTING,2023-10-01,5.824057E7,2.2984543E7,153.0,61.0,2.2705868E7,60.0,,2020-12-23,,1.2534539E7,33.0
Lithuania,LTU,EURO,REPORTING,2023-10-01,4532726.0,1956489.0,162.0,70.0,1907062.0,68.0,,2020-12-23,,902114.0,32.0
Lesotho,LSO,AFRO,REPORTING,2023-03-19,1339097.0,1014073.0,63.0,47.0,938088.0,44.0,,2021-03-10,,177816.0,8.0
China,CHN,WPRO,REPORTING,2023-04-20,3.516880717E9,1.318026807E9,239.0,90.0,1.284479582E9,87.0,,2020-07-22,,8.34060133E8,57.0
Bolivia (Plurinational State of),BOL,AMRO,REPORTING,2023-08-25,1.610454E7,6506721.0,138.0,56.0,6307628.0,54.0,,2021-01-30,,2521192.0,22.0
Latvia,LVA,EURO,REPORTING,2023-08-13,2979624.0,1344386.0,156.0,70.0,1304787.0,68.0,,2020-12-30,,550901.0,29.0
Seychelles,SYC,AFRO,REPORTING,2023-04-09,224558.0,88520.0,228.0,90.0,83565.0,85.0,,2021-01-10,,44936.0,46.0
Monaco,MCO,EURO,REPORTING,2022-12-04,71027.0,28875.0,181.0,74.0,24933.0,64.0,,2021-06-30,,17806.0,45.0
Albania,ALB,EURO,REPORTING,2023-09-10,3088966.0,1349255.0,107.0,47.0,1279333.0,44.0,,2021-01-13,,402371.0,14.0
Chile,CHL,AMRO,REPORTING,2023-11-17,6.6860038E7,1.7538744E7,350.0,92.0,1.7721847E7,93.0,,2020-12-21,,1.5779147E7,83.0
Kuwait,KWT,EMRO,REPORTING,2023-11-26,8261221.0,3457498.0,193.0,81.0,3346176.0,78.0,,2020-12-28,,1457547.0,34.0
Belize,BLZ,AMRO,REPORTING,2023-10-06,511002.0,236221.0,129.0,59.0,221454.0,56.0,,2021-03-01,,53189.0,13.0
South Sudan,SSD,AFRO,REPORTING,2023-10-01,4365547.0,4315127.0,39.0,39.0,4273253.0,38.0,,2021-04-06,,513122.0,5.0
Bermuda,BMU,AMRO,REPORTING,2023-08-11,136759.0,48554.0,220.0,78.0,47657.0,77.0,,2021-01-11,,32016.0,51.0
Cabo Verde,CPV,AFRO,REPORTING,2022-09-25,859940.0,356734.0,155.0,64.0,308720.0,56.0,,2021-03-18,,749.0,
Costa Rica,CRI,AMRO,REPORTING,2023-10-06,1.3576935E7,4650636.0,267.0,91.0,4369784.0,86.0,,2020-12-24,,2986527.0,59.0
Panama,PAN,AMRO,REPORTING,2023-10-06,9169341.0,3746041.0,213.0,87.0,3175368.0,74.0,,2021-01-20,,1770362.0,41.0
Bosnia and Herzegovina,BIH,EURO,REPORTING,2022-01-29,1924950.0,943394.0,59.0,29.0,846080.0,26.0,,,,,
Serbia,SRB,EURO,REPORTING,2023-03-05,6722671.0,3398116.0,97.0,49.0,3324555.0,48.0,,2020-12-23,,,
Cook Islands,COK,WPRO,REPORTING,2023-01-31,40080.0,15112.0,228.0,86.0,14728.0,84.0,,2021-05-17,,10240.0,58.0
Cuba,CUB,AMRO,REPORTING,2023-11-17,3.8217146E7,9916126.0,337.0,88.0,1.0037942E7,89.0,,,,8778841.0,78.0
Libya,LBY,EMRO,REPORTING,2023-01-16,3739158.0,2316327.0,54.0,34.0,1236102.0,18.0,,2021-04-11,,186729.0,3.0
Fiji,FJI,WPRO,REPORTING,2023-06-29,1555182.0,712025.0,173.0,79.0,641194.0,72.0,,2021-03-07,,172078.0,19.0
United Republic of Tanzania,TZA,AFRO,REPORTING,2023-03-12,3.9392419E7,3.4434933E7,66.0,58.0,3.2165791E7,54.0,,2021-07-28,,,
Dominican Republic,DOM,AMRO,REPORTING,2023-11-17,1.6413338E7,7360900.0,151.0,68.0,6126215.0,56.0,,2021-02-16,,2571636.0,24.0
Aruba,ABW,AMRO,REPORTING,2023-11-17,217070.0,90493.0,203.0,85.0,84349.0,79.0,,2021-02-17,,35659.0,33.0
Croatia,HRV,EURO,REPORTING,2023-10-01,5435966.0,2320278.0,134.0,57.0,2246622.0,55.0,,2020-12-23,,996098.0,25.0
Ethiopia,ETH,AFRO,REPORTING,2023-05-28,6.8856793E7,5.2489512E7,60.0,46.0,4.3653006E7,38.0,,2021-03-13,,5978070.0,5.0
Togo,TGO,AFRO,REPORTING,2023-11-19,3423181.0,2255579.0,41.0,27.0,1554066.0,19.0,,2021-03-10,,427804.0,5.0
Eswatini,SWZ,AFRO,REPORTING,2023-06-04,870205.0,526050.0,75.0,45.0,427335.0,37.0,,2021-03-19,,179450.0,15.0
Guinea,GIN,AFRO,REPORTING,2023-09-24,1.2049511E7,8715641.0,92.0,66.0,5853990.0,45.0,,2021-03-05,,425378.0,3.0
Cyprus,CYP,EURO,REPORTING,2023-09-17,1858992.0,669230.0,209.0,75.0,656139.0,74.0,,2020-12-23,,487409.0,55.0
Papua New Guinea,PNG,WPRO,REPORTING,2023-11-05,540974.0,396922.0,6.0,4.0,335728.0,4.0,,2021-03-30,,37105.0,
Ghana,GHA,AFRO,REPORTING,2023-07-02,2.5624828E7,1.3864186E7,82.0,45.0,1.0780003E7,35.0,,2021-03-02,,4806017.0,15.0
Hungary,HUN,EURO,REPORTING,2023-10-01,1.6570818E7,6358690.0,170.0,65.0,6152042.0,63.0,,2020-12-23,,3868705.0,40.0
Nepal,NPL,SEARO,REPORTING,2023-11-23,6.2627629E7,2.7883196E7,215.0,96.0,2.4471043E7,84.0,,2021-01-27,,1.027339E7,35.0
Saint Vincent and the Grenadines,VCT,AMRO,REPORTING,2023-06-02,73443.0,37532.0,66.0,34.0,31632.0,29.0,,2021-02-01,,4279.0,4.0
Timor-Leste,TLS,SEARO,REPORTING,2023-11-22,2028798.0,886838.0,154.0,67.0,801759.0,61.0,,2021-04-07,,340201.0,26.0
Brunei Darussalam,BRN,WPRO,REPORTING,2023-06-30,1293100.0,451149.0,296.0,100.0,446714.0,100.0,,2021-04-03,,340466.0,78.0
Algeria,DZA,AFRO,REPORTING,2022-09-04,1.5267442E7,7840131.0,35.0,18.0,6481186.0,15.0,,2021-01-30,,575651.0,1.0
Russian Federation,RUS,EURO,REPORTING,2023-09-27,1.87374508E8,8.9081596E7,128.0,61.0,7.9702396E7,55.0,,,,,
Jordan,JOR,EMRO,REPORTING,2022-08-21,1.0057975E7,4821579.0,99.0,47.0,4558313.0,45.0,,2021-01-13,,682211.0,7.0
Montserrat,MSR,AMRO,REPORTING,2023-06-02,4619.0,2104.0,92.0,42.0,1952.0,39.0,,2021-02-08,,563.0,11.0
British Virgin Islands,VGB,AMRO,REPORTING,2023-06-02,41453.0,19466.0,137.0,64.0,18261.0,60.0,,2021-02-11,,3726.0,12.0
Ukraine,UKR,EURO,REPORTING,2022-02-27,3.1668577E7,1.57743E7,72.0,36.0,1.5153577E7,35.0,,2021-02-24,,741197.0,2.0
Azerbaijan,AZE,EURO,REPORTING,2023-09-24,1.382936E7,5436662.0,136.0,54.0,4888112.0,48.0,,2021-01-20,,3504588.0,35.0
Philippines,PHL,WPRO,REPORTING,2023-03-19,1.89317158E8,8.2684774E7,173.0,75.0,7.8443972E7,72.0,,2021-03-01,,2.3811248E7,22.0
Chad,TCD,AFRO,REPORTING,2023-11-19,9148883.0,5146338.0,56.0,31.0,5019031.0,31.0,,2021-06-04,,4042573.0,25.0
Cameroon,CMR,AFRO,REPORTING,2023-10-15,4880572.0,3753733.0,18.0,14.0,3197286.0,12.0,,2021-04-12,,803560.0,3.0
Kosovo (in accordance with UN Security Council resolution 1244 (1999)),XKX,EURO,REPORTING,2023-01-15,1836901.0,904558.0,102.0,50.0,824752.0,46.0,,2021-03-31,,105624.0,6.0
Zambia,ZMB,AFRO,REPORTING,2023-06-25,1.3615707E7,1.1711565E7,74.0,64.0,9155551.0,50.0,,2021-04-14,,1414619.0,8.0
Belarus,BLR,EURO,REPORTING,2023-09-03,2.2511E7,6536392.0,238.0,69.0,6414996.0,68.0,,2021-02-03,,5720777.0,61.0
Congo,COG,AFRO,REPORTING,2022-07-31,833210.0,695760.0,15.0,13.0,654119.0,12.0,,2021-03-23,,,
Nigeria,NGA,AFRO,REPORTING,2023-11-05,1.33048021E8,9.3829435E7,65.0,46.0,8.1297808E7,39.0,,2021-03-05,,1.6826715E7,8.0
New Zealand,NZL,WPRO,REPORTING,2023-04-21,1.2252378E7,4259911.0,254.0,88.0,4096278.0,85.0,,2021-02-19,,2719283.0,56.0
Belgium,BEL,EURO,REPORTING,2023-09-03,2.9120974E7,9255132.0,253.0,80.0,9158814.0,79.0,,2020-12-30,,7245372.0,63.0
Bahrain,BHR,EMRO,REPORTING,2022-12-21,3476633.0,1241174.0,204.0,73.0,1226796.0,72.0,,2020-11-04,,1008663.0,59.0
Sudan,SDN,EMRO,REPORTING,2023-04-02,2.2598737E7,1.5207452E7,52.0,35.0,1.3416394E7,31.0,,2021-03-09,,3891363.0,9.0
Syrian Arab Republic,SYR,EMRO,REPORTING,2023-04-18,5090630.0,3295630.0,29.0,19.0,2358365.0,13.0,,2021-04-01,,75881.0,
Saint Helena,SHN,,REPORTING,,,,,,,,,,,,
Israel,ISR,EURO,REPORTING,2022-06-05,1.7915305E7,7055466.0,207.0,82.0,6385731.0,74.0,,2020-12-16,,4474108.0,52.0
"occupied Palestinian territory, including east Jerusalem",PSE,EMRO,REPORTING,2022-10-18,3748571.0,2012767.0,73.0,39.0,1776973.0,35.0,,2021-02-02,,336967.0,7.0
Uganda,UGA,AFRO,REPORTING,2023-05-28,2.6406936E7,2.0033189E7,58.0,44.0,1.3061126E7,29.0,,2021-03-10,,764664.0,2.0
"Taiwan, China",TWN,,REPORTING,,,,,,,,,,,,
"China, Macao SAR",MAC,WPRO,REPORTING,,,,,,,,,,,,
Germany,DEU,EURO,REPORTING,2023-09-03,1.93241457E8,6.4868618E7,232.0,78.0,6.3566137E7,76.0,,2020-12-23,,5.2143826E7,63.0
Montenegro,MNE,EURO,REPORTING,2022-12-04,526975.0,272610.0,84.0,43.0,254365.0,40.0,,2021-02-24,,,
Tonga,TON,WPRO,REPORTING,2023-06-30,204737.0,87375.0,194.0,83.0,77390.0,73.0,,2021-04-14,,38588.0,37.0
Andorra,AND,EURO,REPORTING,2023-09-24,157072.0,57913.0,203.0,75.0,53501.0,69.0,,2021-01-20,,43071.0,56.0
Tunisia,TUN,EMRO,REPORTING,2023-06-20,1.3253317E7,7218871.0,112.0,61.0,6401841.0,54.0,,2021-03-13,,1258577.0,11.0
Czechia,CZE,EURO,REPORTING,2023-10-01,1.8618084E7,6972320.0,174.0,65.0,6887986.0,64.0,,2020-12-23,,4366166.0,41.0
Turks and Caicos Islands,TCA,AMRO,REPORTING,2023-06-02,73907.0,32815.0,191.0,85.0,30710.0,79.0,,2021-01-11,,7443.0,19.0
Peru,PER,AMRO,REPORTING,2023-11-17,9.0951865E7,3.0542485E7,276.0,93.0,2.8700007E7,87.0,,2021-02-09,,2.2241901E7,67.0
Yemen,YEM,EMRO,REPORTING,2023-11-26,1298447.0,1050112.0,4.0,4.0,806967.0,3.0,,2021-04-20,,68808.0,
Saint Lucia,LCA,AMRO,REPORTING,2023-06-02,122977.0,60140.0,67.0,33.0,54971.0,30.0,,2021-02-17,,7866.0,4.0
Netherlands (Kingdom of the),NLD,EURO,REPORTING,2023-10-01,3.7561429E7,1.3469323E7,216.0,77.0,1.2409126E7,71.0,,2020-12-30,,9417108.0,54.0
"China, Hong Kong SAR",HKG,WPRO,REPORTING,,,,,,,,,,,,
Slovenia,SVN,EURO,REPORTING,2023-10-01,3027801.0,1252307.0,144.0,60.0,1207760.0,58.0,,2020-12-23,,654233.0,31.0
Madagascar,MDG,AFRO,REPORTING,2023-07-30,3092063.0,2710365.0,11.0,10.0,2628849.0,9.0,,2021-05-10,,169187.0,1.0
Thailand,THA,SEARO,REPORTING,2023-09-01,1.42635014E8,5.7666184E7,204.0,83.0,5.4196116E7,78.0,,2021-02-28,,3.2143431E7,46.0
Gambia,GMB,AFRO,REPORTING,2023-03-19,1444492.0,674314.0,60.0,28.0,539186.0,22.0,,2021-03-10,,53741.0,2.0
Malta,MLT,EURO,REPORTING,2023-09-03,1280176.0,450535.0,249.0,88.0,444904.0,86.0,,2020-12-23,,352640.0,69.0
Paraguay,PRY,AMRO,REPORTING,2023-09-22,9867488.0,4005930.0,138.0,56.0,3549775.0,50.0,,2021-02-22,,1660766.0,23.0
Argentina,ARG,AMRO,REPORTING,2023-11-17,1.16571595E8,4.118865E7,258.0,91.0,3.8087569E7,84.0,,2020-12-29,,2.7608419E7,61.0
Zimbabwe,ZWE,AFRO,REPORTING,2023-11-19,1.3935112E7,7525247.0,94.0,51.0,5660934.0,38.0,,2021-02-18,,2298971.0,15.0
Djibouti,DJI,EMRO,REPORTING,2023-10-08,442199.0,421573.0,45.0,43.0,401208.0,41.0,,2021-03-15,,,
Austria,AUT,EURO,REPORTING,2023-07-02,2.0403676E7,6899873.0,229.0,78.0,6682372.0,75.0,,2020-12-30,,5405966.0,61.0
Gabon,GAB,AFRO,REPORTING,2023-02-05,572672.0,311244.0,26.0,14.0,257471.0,12.0,,2021-03-23,,2592.0,
Türkiye,TUR,EURO,REPORTING,2023-01-29,1.52475057E8,5.7936783E7,181.0,69.0,5.317179E7,63.0,,,,2.7896331E7,33.0
Cayman Islands,CYM,AMRO,REPORTING,2023-06-09,151970.0,62113.0,231.0,95.0,60688.0,92.0,,2021-01-15,,24064.0,37.0
Uruguay,URY,AMRO,REPORTING,2023-11-17,9036443.0,3010464.0,260.0,87.0,2903096.0,84.0,,2021-02-27,,2080828.0,60.0
Niger,NER,AFRO,REPORTING,2023-07-30,7372208.0,6248483.0,30.0,26.0,5483001.0,23.0,,2021-03-29,,,
Central African Republic,CAF,AFRO,REPORTING,2023-09-03,3342248.0,2600389.0,69.0,54.0,2484985.0,51.0,,2021-03-19,,366221.0,8.0
Samoa,WSM,WPRO,REPORTING,2023-02-24,453130.0,191403.0,228.0,96.0,177954.0,90.0,,2021-04-18,,82268.0,41.0
Romania,ROU,EURO,REPORTING,2023-09-10,1.6111239E7,8188146.0,83.0,42.0,8142376.0,42.0,,2021-01-27,,1768917.0,9.0
Qatar,QAT,EMRO,REPORTING,2023-05-07,7609178.0,2852178.0,264.0,99.0,2852178.0,99.0,,,,1904822.0,66.0
United States of America,USA,AMRO,REPORTING,2023-07-14,7.1181379E8,2.70227181E8,215.0,82.0,2.30637348E8,70.0,,2020-12-14,,1.18438297E8,36.0
El Salvador,SLV,AMRO,REPORTING,2023-08-25,1.1448379E7,4659970.0,177.0,72.0,4396448.0,68.0,,2021-02-17,,1905226.0,29.0
Mongolia,MNG,WPRO,REPORTING,2023-03-17,5668144.0,2284018.0,173.0,70.0,2185282.0,67.0,,2021-02-23,,1058839.0,32.0
Tajikistan,TJK,EURO,REPORTING,2023-06-04,2.0525784E7,5328277.0,215.0,56.0,5191919.0,54.0,,2021-03-24,,5280117.0,55.0
Lao People's Democratic Republic,LAO,WPRO,REPORTING,2023-05-21,1.387941E7,6324678.0,191.0,87.0,5691962.0,78.0,,2020-11-25,,2451034.0,34.0
Mali,MLI,AFRO,REPORTING,2023-05-14,5922585.0,4354292.0,29.0,22.0,3633589.0,18.0,,2021-03-31,,,
Cambodia,KHM,WPRO,REPORTING,2023-11-07,4.7723729E7,1.5311319E7,285.0,92.0,1.4688007E7,88.0,,2021-02-10,,1.0762713E7,64.0
Brazil,BRA,AMRO,REPORTING,2023-11-17,5.15827664E8,1.84663245E8,243.0,87.0,1.72666955E8,81.0,,2021-01-17,,1.10565285E8,52.0
Italy,ITA,EURO,REPORTING,2023-10-01,1.50322633E8,5.0581361E7,252.0,85.0,4.9484658E7,83.0,,2020-12-23,,4.49175E7,75.0
Barbados,BRB,AMRO,REPORTING,2023-09-22,381743.0,163853.0,133.0,57.0,155045.0,54.0,,2021-01-08,,62845.0,22.0
Ireland,IRL,EURO,REPORTING,2023-09-17,1.2391251E7,4108813.0,250.0,83.0,4063151.0,82.0,,2020-12-30,,3058389.0,62.0
Switzerland,CHE,EURO,REPORTING,2023-07-02,1.6755985E7,6096600.0,194.0,70.0,5723066.0,66.0,,2020-12-23,,4996650.0,58.0
Saudi Arabia,SAU,EMRO,REPORTING,2023-04-25,6.8534631E7,2.7041364E7,197.0,78.0,2.5433941E7,73.0,,2021-01-06,,1.6059326E7,46.0
Colombia,COL,AMRO,REPORTING,2023-06-02,9.0506612E7,4.3012174E7,178.0,85.0,3.7019801E7,73.0,,2021-02-17,,1.4792792E7,29.0
Lebanon,LBN,EMRO,REPORTING,2022-12-22,5814699.0,2740227.0,85.0,40.0,2414223.0,35.0,,2021-02-14,,660249.0,10.0
Republic of Korea,KOR,WPRO,REPORTING,2023-09-04,1.35927574E8,4.5119824E7,265.0,88.0,4.4689199E7,87.0,,2021-02-26,,3.3644119E7,66.0
Trinidad and Tobago,TTO,AMRO,REPORTING,2023-06-02,1589640.0,754399.0,114.0,54.0,718969.0,51.0,,2021-02-17,,174836.0,12.0
Slovakia,SVK,EURO,REPORTING,2023-10-01,7222567.0,2840027.0,132.0,52.0,2791711.0,51.0,,2020-12-23,,1686463.0,31.0
Armenia,ARM,EURO,REPORTING,2023-10-01,2256919.0,1150915.0,76.0,39.0,1030758.0,35.0,,2021-01-27,,81354.0,3.0
Guyana,GUY,AMRO,REPORTING,2023-09-08,967861.0,497550.0,123.0,63.0,384507.0,49.0,,2021-02-11,,80224.0,10.0
Mexico,MEX,AMRO,REPORTING,2023-06-30,2.22921381E8,9.6727823E7,173.0,75.0,8.1407121E7,63.0,,2020-12-24,,5.7014052E7,44.0
United Kingdom of Great Britain and Northern Ireland,GBR,EURO,REPORTING,2022-09-11,1.5124882E8,5.3813491E7,223.0,79.0,5.0762968E7,75.0,,2020-12-21,,,
Gibraltar,GIB,,REPORTING,,,,,,,,,,,,
Kazakhstan,KAZ,EURO,REPORTING,2023-04-30,3.8355605E7,1.2443364E7,204.0,66.0,1.3070774E7,70.0,,2021-04-07,,6801526.0,36.0
Canada,CAN,AMRO,REPORTING,2023-09-22,9.9034734E7,3.2647931E7,262.0,87.0,3.1314748E7,83.0,,2020-12-14,,1.9860368E7,53.0
France,FRA,EURO,REPORTING,2023-07-09,1.58060078E8,5.4677676E7,243.0,84.0,5.3189148E7,82.0,,2020-12-23,,4.104216E7,63.0
Mauritania,MRT,AFRO,REPORTING,2023-11-19,4075874.0,2103754.0,88.0,45.0,1540597.0,33.0,,2021-03-26,,383937.0,8.0
Palau,PLW,WPRO,REPORTING,2023-03-10,51032.0,20295.0,282.0,100.0,18278.0,100.0,,2021-01-03,,12885.0,71.0
Iraq,IRQ,EMRO,REPORTING,2023-01-02,1.9557364E7,1.1332925E7,49.0,28.0,7944775.0,20.0,,2021-03-02,,275280.0,1.0
Burundi,BDI,AFRO,REPORTING,2023-11-05,41538.0,36909.0,,,36321.0,,,2021-10-18,,314.0,
Oman,OMN,EMRO,REPORTING,2022-10-25,7108547.0,3279632.0,139.0,64.0,3048826.0,60.0,,2020-12-29,,779859.0,15.0
Sao Tome and Principe,STP,AFRO,REPORTING,2023-07-30,263863.0,140256.0,120.0,64.0,111986.0,51.0,,2021-03-15,,34624.0,16.0
Uzbekistan,UZB,EURO,REPORTING,2023-09-24,8.2204584E7,2.2087857E7,246.0,66.0,1.8445168E7,55.0,,2021-04-28,,1.625134E7,49.0
Solomon Islands,SLB,WPRO,REPORTING,2023-07-04,612700.0,335796.0,89.0,49.0,254016.0,37.0,,2021-03-23,,27896.0,4.0
Mauritius,MUS,AFRO,REPORTING,2023-07-30,2616012.0,1123773.0,206.0,88.0,1088142.0,86.0,,2021-01-26,,654507.0,51.0
Angola,AGO,AFRO,REPORTING,2023-11-19,2.7722924E7,1.6522932E7,84.0,50.0,9591203.0,29.0,,2021-03-10,,3014421.0,9.0
Republic of Moldova,MDA,EURO,REPORTING,2023-10-01,2291436.0,1109270.0,57.0,27.0,1078813.0,27.0,,2021-03-03,,404774.0,10.0
Bangladesh,BGD,SEARO,REPORTING,2023-10-18,3.62229859E8,1.51504394E8,220.0,92.0,1.42193276E8,86.0,,2021-01-27,,6.8532189E7,42.0
Estonia,EST,EURO,REPORTING,2023-10-01,2205229.0,845148.0,166.0,64.0,842177.0,63.0,,2020-12-23,,487389.0,37.0
Morocco,MAR,EMRO,REPORTING,2023-05-14,5.5389602E7,2.5020168E7,150.0,68.0,2.3521989E7,64.0,,2021-01-28,,6925973.0,19.0
Guatemala,GTM,AMRO,REPORTING,2023-11-17,2.0383072E7,8937923.0,114.0,50.0,7130756.0,40.0,,2021-02-25,,3723701.0,21.0
Greece,GRC,EURO,REPORTING,2023-10-01,2.1985885E7,7917288.0,205.0,74.0,7745574.0,72.0,,2020-12-23,,5902357.0,55.0
Wallis and Futuna,WLF,WPRO,REPORTING,2023-01-23,17303.0,7150.0,154.0,64.0,6803.0,60.0,,2021-03-19,,3350.0,30.0
Afghanistan,AFG,EMRO,REPORTING,2023-11-26,2.2606931E7,1.8896999E7,58.0,49.0,1.8115861E7,47.0,,2021-02-22,,2626670.0,7.0
Niue,NIU,WPRO,REPORTING,2023-03-04,4923.0,1638.0,304.0,100.0,1635.0,100.0,,2021-06-08,,1225.0,76.0
Japan,JPN,WPRO,REPORTING,2023-10-03,4.09826682E8,1.04737006E8,324.0,83.0,1.03417721E8,82.0,,2021-02-17,,8.6596573E7,68.0
Spain,ESP,EURO,REPORTING,2023-09-03,1.12886307E8,4.1332084E7,238.0,87.0,3.7485721E7,79.0,,2020-12-30,,2.6573833E7,56.0
Guinea-Bissau,GNB,AFRO,REPORTING,2023-10-15,920752.0,747057.0,47.0,38.0,547637.0,28.0,,2021-04-02,,76359.0,4.0
Liechtenstein,LIE,,REPORTING,,71104.0,26681.0,,,26346.0,,,,,18310.0,
Côte d'Ivoire,CIV,AFRO,REPORTING,2023-02-19,2.5263932E7,1.3568372E7,96.0,51.0,1.2164304E7,46.0,,2021-03-01,,3138712.0,12.0
Equatorial Guinea,GNQ,AFRO,REPORTING,2022-07-24,488738.0,270109.0,35.0,19.0,214032.0,15.0,,2021-02-12,,4597.0,
Egypt,EGY,EMRO,REPORTING,2023-05-21,1.12673535E8,5.6907319E7,110.0,56.0,4.2337175E7,41.0,,2021-01-24,,1.5217352E7,15.0
